Amsterdam,Utrecht
Amsterdam,Rotterdam
Amsterdam,Schiphol
Amsterdam,The Hague
Amsterdam,Zwolle
Utrecht,Eindhoven
Utrecht,Venlo
Utrecht,Amsterdam
Utrecht,Gouda
Utrecht,Schiphol
Utrecht,Putten
Utrecht,Nijmegen
Utrecht,Groningen
Utrecht,Putten
Utrecht,Zwolle
Utrecht,Gelderlmalsen
Gouda,Rotterdam
Gouda,Utrecht
Weert,Eindhoven
Weert,Roermond
Eindhoven,Utrecht
Eindhoven,Weert
Eindhoven,Schiphol
Eindhoven,Venlo
Roermond,Maastricht
Roermond,Weert
Venlo,Nijmegen
Venlo,Eindhoven
Nijmegen,Utrecht
Nijmegen,Venlo
Maastricht,Roermond
Groningen,Amsterdam
Groningen ,Utrecht
Putten,Utrecht
Gelderlmalsen,Utrecht
Rotterdam,The Hague
Rotterdam,Gouda
Rotterdam,Amsterdam
The Hague,Amsterdam
The Hague,Rotterdam
The Hague,Utrecht
Zwolle,Utrecht
Zwolle,Groningen
Eindhoven,Tilburg
Tilburg,Eindhoven
Tilburg,Roosendal
Roosendal,Tilburg
Roosendal,Middelburg
Middelburg,Roosendal
